Epoch Time (s),Policy log std Mean,Policy log std Min,Log Pis Max,Policy log std Std,Number of env steps total,Epoch,Sample Time (s),(Previous) Eval Time (s),Z variance eval,Log Pis Std,Policy mu Mean,Z mean eval,V Predictions Mean,Q Predictions Min,Policy log std Max,AverageReturn_all_train_tasks,Number of rollouts total,Policy mu Std,QF Loss,Policy Loss,Q Predictions Max,Q Predictions Mean,V Predictions Max,VF Loss,Total Train Time (s),Policy mu Min,KL Divergence,V Predictions Min,Z mean train,KL Loss,Q Predictions Std,Z variance train,V Predictions Std,Number of train steps total,Policy mu Max,Train Time (s),Log Pis Min,Log Pis Mean,AverageReturn_all_test_tasks
68.69229599577375,-0.00010057394,-0.0054359986,-2.1736512,0.0021087169,9000,0,5.8509637417737395,0,0.13871956,0.5373072,0.00012716798,0.012914794,-0.0039894506,-0.00661514,0.0054363124,-8.03526501126399,0,0.0012701999,29.073328,-3.9892414,0.0040248455,-0.0010420422,0.0025595888,16.234587,70.58151156757958,-0.003955166,157.28033,-0.011000698,0.0028451334,15.728034,0.0013910239,0.0027058003,0.0023897435,1000,0.004659281,62.84133225400001,-6.4847474,-4.0187044,-8.20304400833086
68.14064822928049,-0.23494112,-0.4490669,-0.5395857,0.050902404,14000,1,3.266630871221423,1.8912519388832152,0.15514414,0.9002728,0.047281623,0.019373484,13.316231,-20.18754,-0.1150851,15.141958405173062,0,0.29732558,14.191757,-12.966024,32.65115,9.334479,36.04458,1.9943027,138.7199916196987,-0.90605336,0.8008206,-12.801785,0.031597562,0.08008206,7.287659,0.78683347,6.9242496,2000,1.3102401,62.98276541917585,-10.550848,-3.6817143,5.122198509187964
