Log Pis Max,Number of env steps total,Z variance train,V Predictions Mean,Policy log std Mean,Policy mu Mean,Log Pis Std,Number of train steps total,V Predictions Max,Train Time (s),Policy mu Std,Policy Loss,(Previous) Eval Time (s),QF Loss,Q Predictions Mean,Log Pis Min,Q Predictions Min,Epoch,Total Train Time (s),AverageReturn_all_test_tasks,Policy mu Max,VF Loss,Policy log std Min,Number of rollouts total,Sample Time (s),Q Predictions Std,Z mean train,V Predictions Std,Q Predictions Max,Policy log std Max,KL Divergence,KL Loss,Policy mu Min,Policy log std Std,Epoch Time (s),V Predictions Min,Z variance eval,Z mean eval,Log Pis Mean
-3.0467207,25928,0.0027092553,-0.0031756493,0.00023074789,0.0007236928,0.6150397,1,0.0030204644,0.35799592500552535,0.0018454719,-5.3641405,0,113.81569,-0.005995948,-7.3652554,-0.013412303,0,19.98128248262219,217.62870413792234,0.00849241,29.186384,-0.004203512,0,18.64259279379621,0.0019150047,0.0017244816,0.0018456215,-0.0009069692,0.0067846994,157.24019,15.724019,-0.005007758,0.0015403084,19.000588718801737,-0.010576598,0.0011637339,0.005339587,-5.3522573
-2.9023552,31282,0.002729055,0.015443633,-0.010706962,0.0010794739,0.59202206,2,0.02502789,0.31002962682396173,0.009550957,-5.411222,0.9826810909435153,109.13811,0.0119748,-7.517275,0.0062096985,1,25.121912464965135,267.3475371621015,0.021483202,29.464865,-0.017709143,0,3.8643662217073143,0.0019879788,0.006330461,0.0019494904,0.019751323,-0.0052298,157.00795,15.700795,-0.016831301,0.0016243684,5.157076939474791,0.010517575,0.0011709675,0.00186642,-5.381192
